{
    "lstm_units": 128,
    "dropout_rate": 0.05,
    "learning_rate": 0.0001502608401663184,
    "batch_size": 16,
    "num_layers": 1,
    "weight_decay": 2.5693210984027717e-05
}